<?xml version="1.0" encoding="utf-8"?>
<vector android:height="512.0dip" android:width="512.0dip" android:viewportWidth="512.0" android:viewportHeight="512.0"
  xmlns:android="http://schemas.android.com/apk/res/android">
    <group>
        <clip-path android:pathData="M256,256m-256,0a256,256 0,1 1,512 0a256,256 0,1 1,-512 0" />
        <path android:fillColor="#ffd80027" android:pathData="m0,166.9 l253,-31.8 259,31.8v178l-257.5,37.4L0,345z" />
        <path android:fillColor="#ff338af3" android:pathData="M0,0h512v166.9H0z" />
        <path android:fillColor="#ff6da544" android:pathData="M0,344.9h512V512H0z" />
        <path android:fillColor="#ffeeeeee" android:pathData="M261.6,328.2a72.3,72.3 0,1 1,34.4 -136,89 89,0 1,0 0,127.3 72,72 0,0 1,-34.4 8.7z" />
        <path android:fillColor="#ffeeeeee" android:pathData="m317.2,206 l9.6,26.8 25.8,-12.3 -12.2,25.8 26.9,9.6 -27,9.6 12.3,25.8 -25.8,-12.3 -9.6,27 -9.6,-27 -25.8,12.3 12.3,-25.8 -27,-9.6 27,-9.6 -12.3,-25.8 25.8,12.3z" />
    </group>
</vector>
