<?xml version="1.0" encoding="utf-8"?>
<resources>
    <item type="id" name="accessibility_action_clickable_span" />
    <item type="id" name="accessibility_custom_action_0" />
    <item type="id" name="accessibility_custom_action_1" />
    <item type="id" name="accessibility_custom_action_10" />
    <item type="id" name="accessibility_custom_action_11" />
    <item type="id" name="accessibility_custom_action_12" />
    <item type="id" name="accessibility_custom_action_13" />
    <item type="id" name="accessibility_custom_action_14" />
    <item type="id" name="accessibility_custom_action_15" />
    <item type="id" name="accessibility_custom_action_16" />
    <item type="id" name="accessibility_custom_action_17" />
    <item type="id" name="accessibility_custom_action_18" />
    <item type="id" name="accessibility_custom_action_19" />
    <item type="id" name="accessibility_custom_action_2" />
    <item type="id" name="accessibility_custom_action_20" />
    <item type="id" name="accessibility_custom_action_21" />
    <item type="id" name="accessibility_custom_action_22" />
    <item type="id" name="accessibility_custom_action_23" />
    <item type="id" name="accessibility_custom_action_24" />
    <item type="id" name="accessibility_custom_action_25" />
    <item type="id" name="accessibility_custom_action_26" />
    <item type="id" name="accessibility_custom_action_27" />
    <item type="id" name="accessibility_custom_action_28" />
    <item type="id" name="accessibility_custom_action_29" />
    <item type="id" name="accessibility_custom_action_3" />
    <item type="id" name="accessibility_custom_action_30" />
    <item type="id" name="accessibility_custom_action_31" />
    <item type="id" name="accessibility_custom_action_4" />
    <item type="id" name="accessibility_custom_action_5" />
    <item type="id" name="accessibility_custom_action_6" />
    <item type="id" name="accessibility_custom_action_7" />
    <item type="id" name="accessibility_custom_action_8" />
    <item type="id" name="accessibility_custom_action_9" />
    <item type="id" name="action_bar" />
    <item type="id" name="action_bar_activity_content" />
    <item type="id" name="action_bar_container" />
    <item type="id" name="action_bar_root" />
    <item type="id" name="action_bar_spinner" />
    <item type="id" name="action_bar_subtitle" />
    <item type="id" name="action_bar_title" />
    <item type="id" name="action_container" />
    <item type="id" name="action_context_bar" />
    <item type="id" name="action_divider" />
    <item type="id" name="action_image" />
    <item type="id" name="action_menu_divider" />
    <item type="id" name="action_menu_presenter" />
    <item type="id" name="action_mode_bar" />
    <item type="id" name="action_mode_bar_stub" />
    <item type="id" name="action_mode_close_button" />
    <item type="id" name="action_text" />
    <item type="id" name="actions" />
    <item type="id" name="activity_chooser_view_content" />
    <item type="id" name="alertTitle" />
    <item type="id" name="buttonPanel" />
    <item type="id" name="cancel_button" />
    <item type="id" name="checkbox" />
    <item type="id" name="chronometer" />
    <item type="id" name="circle_center" />
    <item type="id" name="confirm_button" />
    <item type="id" name="container" />
    <item type="id" name="content" />
    <item type="id" name="contentPanel" />
    <item type="id" name="coordinator" />
    <item type="id" name="customPanel" />
    <item type="id" name="date_picker_actions" />
    <item type="id" name="decor_content_parent" />
    <item type="id" name="default_activity_button" />
    <item type="id" name="design_bottom_sheet" />
    <item type="id" name="design_menu_item_action_area" />
    <item type="id" name="design_menu_item_action_area_stub" />
    <item type="id" name="design_menu_item_text" />
    <item type="id" name="design_navigation_view" />
    <item type="id" name="dialog_button" />
    <item type="id" name="edit_query" />
    <item type="id" name="expand_activities_button" />
    <item type="id" name="expanded_menu" />
    <item type="id" name="fragment_container_view_tag" />
    <item type="id" name="fullscreen_header" />
    <item type="id" name="ghost_view" />
    <item type="id" name="ghost_view_holder" />
    <item type="id" name="group_divider" />
    <item type="id" name="header_title" />
    <item type="id" name="home" />
    <item type="id" name="icon" />
    <item type="id" name="icon_group" />
    <item type="id" name="ifl_about_title" />
    <item type="id" name="ifl_backup_editText" />
    <item type="id" name="ifl_backups_layout" />
    <item type="id" name="ifl_button_approvepreview" />
    <item type="id" name="ifl_button_exportbackup" />
    <item type="id" name="ifl_button_text" />
    <item type="id" name="ifl_button_updatebackup" />
    <item type="id" name="ifl_content_area" />
    <item type="id" name="ifl_developer_title" />
    <item type="id" name="ifl_developer_title_2" />
    <item type="id" name="ifl_dg_button_negative" />
    <item type="id" name="ifl_dg_button_negative2" />
    <item type="id" name="ifl_dg_button_okay" />
    <item type="id" name="ifl_dg_button_pozitive" />
    <item type="id" name="ifl_dialog_desc" />
    <item type="id" name="ifl_dialog_negative_title" />
    <item type="id" name="ifl_dialog_negative_title2" />
    <item type="id" name="ifl_dialog_positive_title" />
    <item type="id" name="ifl_dialog_spinner" />
    <item type="id" name="ifl_dialog_title" />
    <item type="id" name="ifl_dialog_title3" />
    <item type="id" name="ifl_downloadbar" />
    <item type="id" name="ifl_edittext" />
    <item type="id" name="ifl_flag_editText" />
    <item type="id" name="ifl_flags_layout" />
    <item type="id" name="ifl_homepageHeader" />
    <item type="id" name="ifl_loading_area" />
    <item type="id" name="ifl_loading_page" />
    <item type="id" name="ifl_logs_layout" />
    <item type="id" name="ifl_page1" />
    <item type="id" name="ifl_page2" />
    <item type="id" name="ifl_page3" />
    <item type="id" name="ifl_page_area" />
    <item type="id" name="ifl_page_area_backup" />
    <item type="id" name="ifl_page_area_edit" />
    <item type="id" name="ifl_page_title" />
    <item type="id" name="ifl_prefs_layout" />
    <item type="id" name="ifl_search_layout" />
    <item type="id" name="ifl_size" />
    <item type="id" name="ifl_start_analyze" />
    <item type="id" name="ifl_start_compare" />
    <item type="id" name="ifl_status" />
    <item type="id" name="ifl_text_button" />
    <item type="id" name="ifl_tile_admin_action_export_mapping" />
    <item type="id" name="ifl_tile_admin_action_logout" />
    <item type="id" name="ifl_tile_admin_action_sharedpref_manager" />
    <item type="id" name="ifl_tile_admin_login" />
    <item type="id" name="ifl_tile_admin_password" />
    <item type="id" name="ifl_tile_admin_update_approve_preview" />
    <item type="id" name="ifl_tile_admin_update_update_backup" />
    <item type="id" name="ifl_tile_admin_username" />
    <item type="id" name="ifl_tile_backup_1" />
    <item type="id" name="ifl_tile_backup_2" />
    <item type="id" name="ifl_tile_backup_library" />
    <item type="id" name="ifl_tile_backup_library_aboutAuthor" />
    <item type="id" name="ifl_tile_backup_library_applyBackup" />
    <item type="id" name="ifl_tile_backup_library_author_name" />
    <item type="id" name="ifl_tile_backup_library_changelog" />
    <item type="id" name="ifl_tile_backup_library_desc" />
    <item type="id" name="ifl_tile_backup_library_enableAutoUpdates" />
    <item type="id" name="ifl_tile_backup_library_lastUpdated" />
    <item type="id" name="ifl_tile_backup_library_name" />
    <item type="id" name="ifl_tile_backup_library_social_github" />
    <item type="id" name="ifl_tile_backup_library_social_ig" />
    <item type="id" name="ifl_tile_backup_library_social_medium" />
    <item type="id" name="ifl_tile_backup_library_social_x" />
    <item type="id" name="ifl_tile_backup_library_version" />
    <item type="id" name="ifl_tile_contributors" />
    <item type="id" name="ifl_tile_crashlog_delete_logs" />
    <item type="id" name="ifl_tile_crashviewer_aver" />
    <item type="id" name="ifl_tile_crashviewer_copy" />
    <item type="id" name="ifl_tile_crashviewer_crashDate" />
    <item type="id" name="ifl_tile_crashviewer_iflIgVersion" />
    <item type="id" name="ifl_tile_crashviewer_msg" />
    <item type="id" name="ifl_tile_crashviewer_share" />
    <item type="id" name="ifl_tile_crashviewer_stacktrace" />
    <item type="id" name="ifl_tile_ct01" />
    <item type="id" name="ifl_tile_ct02" />
    <item type="id" name="ifl_tile_ct03" />
    <item type="id" name="ifl_tile_ct05" />
    <item type="id" name="ifl_tile_ct07" />
    <item type="id" name="ifl_tile_ct08" />
    <item type="id" name="ifl_tile_ct09" />
    <item type="id" name="ifl_tile_ct11" />
    <item type="id" name="ifl_tile_ct12" />
    <item type="id" name="ifl_tile_ct13" />
    <item type="id" name="ifl_tile_developer" />
    <item type="id" name="ifl_tile_exp_analyzer" />
    <item type="id" name="ifl_tile_exp_comperator" />
    <item type="id" name="ifl_tile_exp_develeov" />
    <item type="id" name="ifl_tile_exp_export" />
    <item type="id" name="ifl_tile_exp_import" />
    <item type="id" name="ifl_tile_export_author_name" />
    <item type="id" name="ifl_tile_export_backup_changelog" />
    <item type="id" name="ifl_tile_export_backup_name" />
    <item type="id" name="ifl_tile_export_backup_version" />
    <item type="id" name="ifl_tile_flag_library" />
    <item type="id" name="ifl_tile_ifl_version" />
    <item type="id" name="ifl_tile_ig_version" />
    <item type="id" name="ifl_tile_import_full" />
    <item type="id" name="ifl_tile_import_merge" />
    <item type="id" name="ifl_tile_import_old_backups" />
    <item type="id" name="ifl_tile_installation_type" />
    <item type="id" name="ifl_tile_lang_deutch" />
    <item type="id" name="ifl_tile_lang_device" />
    <item type="id" name="ifl_tile_lang_english" />
    <item type="id" name="ifl_tile_lang_espanol" />
    <item type="id" name="ifl_tile_lang_france" />
    <item type="id" name="ifl_tile_lang_greece" />
    <item type="id" name="ifl_tile_lang_hindi" />
    <item type="id" name="ifl_tile_lang_hungary" />
    <item type="id" name="ifl_tile_lang_indian" />
    <item type="id" name="ifl_tile_lang_john" />
    <item type="id" name="ifl_tile_lang_portugal" />
    <item type="id" name="ifl_tile_lang_spanish" />
    <item type="id" name="ifl_tile_lang_turkish" />
    <item type="id" name="ifl_tile_lang_zan" />
    <item type="id" name="ifl_tile_menu_about" />
    <item type="id" name="ifl_tile_menu_adminmenu" />
    <item type="id" name="ifl_tile_menu_crashlogs" />
    <item type="id" name="ifl_tile_menu_devopt" />
    <item type="id" name="ifl_tile_menu_lang" />
    <item type="id" name="ifl_tile_menu_library" />
    <item type="id" name="ifl_tile_menu_misc" />
    <item type="id" name="ifl_tile_menu_ota" />
    <item type="id" name="ifl_tile_menu_sections" />
    <item type="id" name="ifl_tile_misc_amoled" />
    <item type="id" name="ifl_tile_ota_background_download" />
    <item type="id" name="ifl_tile_ota_check" />
    <item type="id" name="ifl_tile_ota_enable_updates" />
    <item type="id" name="ifl_tile_ota_freq" />
    <item type="id" name="ifl_tile_ota_instafel_updater" />
    <item type="id" name="ifl_tile_remove_ads_section" />
    <item type="id" name="ifl_tile_selectbackupfile" />
    <item type="id" name="ifl_tile_setchangelog" />
    <item type="id" name="ifl_tile_setversionname" />
    <item type="id" name="ifl_tile_telegram" />
    <item type="id" name="ifl_tile_translators" />
    <item type="id" name="ifl_tile_use_custom_mapping" />
    <item type="id" name="ifl_tile_use_custom_override" />
    <item type="id" name="ifl_tiles_about" />
    <item type="id" name="ifl_tiles_chat" />
    <item type="id" name="ifl_tiles_github" />
    <item type="id" name="ifl_tiles_guide" />
    <item type="id" name="ifl_tiles_language" />
    <item type="id" name="ifl_titleBar1" />
    <item type="id" name="ifl_titleSpace" />
    <item type="id" name="ifl_titleSpace1" />
    <item type="id" name="ifl_ui_content_area" />
    <item type="id" name="ifl_ui_icon" />
    <item type="id" name="ifl_ui_item_box" />
    <item type="id" name="ifl_ui_page_title" />
    <item type="id" name="ifl_ui_space_bottom" />
    <item type="id" name="ifl_ui_space_top" />
    <item type="id" name="ifl_ui_subicon" />
    <item type="id" name="ifl_ui_subtitle" />
    <item type="id" name="ifl_ui_switch" />
    <item type="id" name="ifl_ui_text" />
    <item type="id" name="ifl_ui_title" />
    <item type="id" name="image" />
    <item type="id" name="info" />
    <item type="id" name="item_touch_helper_previous_elevation" />
    <item type="id" name="line1" />
    <item type="id" name="line3" />
    <item type="id" name="list_item" />
    <item type="id" name="m3_side_sheet" />
    <item type="id" name="masked" />
    <item type="id" name="material_clock_display" />
    <item type="id" name="material_clock_display_and_toggle" />
    <item type="id" name="material_clock_face" />
    <item type="id" name="material_clock_hand" />
    <item type="id" name="material_clock_level" />
    <item type="id" name="material_clock_period_am_button" />
    <item type="id" name="material_clock_period_pm_button" />
    <item type="id" name="material_clock_period_toggle" />
    <item type="id" name="material_hour_text_input" />
    <item type="id" name="material_hour_tv" />
    <item type="id" name="material_label" />
    <item type="id" name="material_minute_text_input" />
    <item type="id" name="material_minute_tv" />
    <item type="id" name="material_textinput_timepicker" />
    <item type="id" name="material_timepicker_cancel_button" />
    <item type="id" name="material_timepicker_container" />
    <item type="id" name="material_timepicker_mode_button" />
    <item type="id" name="material_timepicker_ok_button" />
    <item type="id" name="material_timepicker_view" />
    <item type="id" name="material_value_index" />
    <item type="id" name="message" />
    <item type="id" name="month_grid" />
    <item type="id" name="month_navigation_bar" />
    <item type="id" name="month_navigation_fragment_toggle" />
    <item type="id" name="month_navigation_next" />
    <item type="id" name="month_navigation_previous" />
    <item type="id" name="month_title" />
    <item type="id" name="motion_base" />
    <item type="id" name="mtrl_anchor_parent" />
    <item type="id" name="mtrl_calendar_day_selector_frame" />
    <item type="id" name="mtrl_calendar_days_of_week" />
    <item type="id" name="mtrl_calendar_frame" />
    <item type="id" name="mtrl_calendar_main_pane" />
    <item type="id" name="mtrl_calendar_months" />
    <item type="id" name="mtrl_calendar_selection_frame" />
    <item type="id" name="mtrl_calendar_text_input_frame" />
    <item type="id" name="mtrl_calendar_year_selector_frame" />
    <item type="id" name="mtrl_card_checked_layer_id" />
    <item type="id" name="mtrl_child_content_container" />
    <item type="id" name="mtrl_internal_children_alpha_tag" />
    <item type="id" name="mtrl_motion_snapshot_view" />
    <item type="id" name="mtrl_picker_fullscreen" />
    <item type="id" name="mtrl_picker_header" />
    <item type="id" name="mtrl_picker_header_selection_text" />
    <item type="id" name="mtrl_picker_header_title_and_selection" />
    <item type="id" name="mtrl_picker_header_toggle" />
    <item type="id" name="mtrl_picker_text_input_date" />
    <item type="id" name="mtrl_picker_text_input_range_end" />
    <item type="id" name="mtrl_picker_text_input_range_start" />
    <item type="id" name="mtrl_picker_title_text" />
    <item type="id" name="mtrl_view_tag_bottom_padding" />
    <item type="id" name="navigation_bar_item_active_indicator_view" />
    <item type="id" name="navigation_bar_item_icon_container" />
    <item type="id" name="navigation_bar_item_icon_view" />
    <item type="id" name="navigation_bar_item_labels_group" />
    <item type="id" name="navigation_bar_item_large_label_view" />
    <item type="id" name="navigation_bar_item_small_label_view" />
    <item type="id" name="navigation_header_container" />
    <item type="id" name="notification_background" />
    <item type="id" name="notification_main_column" />
    <item type="id" name="notification_main_column_container" />
    <item type="id" name="off" />
    <item type="id" name="on" />
    <item type="id" name="open_search_bar_text_view" />
    <item type="id" name="open_search_view_background" />
    <item type="id" name="open_search_view_clear_button" />
    <item type="id" name="open_search_view_content_container" />
    <item type="id" name="open_search_view_divider" />
    <item type="id" name="open_search_view_dummy_toolbar" />
    <item type="id" name="open_search_view_edit_text" />
    <item type="id" name="open_search_view_header_container" />
    <item type="id" name="open_search_view_root" />
    <item type="id" name="open_search_view_scrim" />
    <item type="id" name="open_search_view_search_prefix" />
    <item type="id" name="open_search_view_status_bar_spacer" />
    <item type="id" name="open_search_view_toolbar" />
    <item type="id" name="open_search_view_toolbar_container" />
    <item type="id" name="parentPanel" />
    <item type="id" name="parent_matrix" />
    <item type="id" name="pressed" />
    <item type="id" name="progress_circular" />
    <item type="id" name="progress_horizontal" />
    <item type="id" name="radio" />
    <item type="id" name="report_drawn" />
    <item type="id" name="right_icon" />
    <item type="id" name="right_side" />
    <item type="id" name="row_index_key" />
    <item type="id" name="save_non_transition_alpha" />
    <item type="id" name="save_overlay_view" />
    <item type="id" name="scrollIndicatorDown" />
    <item type="id" name="scrollIndicatorUp" />
    <item type="id" name="scrollView" />
    <item type="id" name="search_badge" />
    <item type="id" name="search_bar" />
    <item type="id" name="search_button" />
    <item type="id" name="search_close_btn" />
    <item type="id" name="search_edit_frame" />
    <item type="id" name="search_go_btn" />
    <item type="id" name="search_mag_icon" />
    <item type="id" name="search_plate" />
    <item type="id" name="search_src_text" />
    <item type="id" name="search_voice_btn" />
    <item type="id" name="select_dialog_listview" />
    <item type="id" name="selection_type" />
    <item type="id" name="shortcut" />
    <item type="id" name="snackbar_action" />
    <item type="id" name="snackbar_text" />
    <item type="id" name="spacer" />
    <item type="id" name="special_effects_controller_view_tag" />
    <item type="id" name="split_action_bar" />
    <item type="id" name="submenuarrow" />
    <item type="id" name="submit_area" />
    <item type="id" name="tag_accessibility_actions" />
    <item type="id" name="tag_accessibility_clickable_spans" />
    <item type="id" name="tag_accessibility_heading" />
    <item type="id" name="tag_accessibility_pane_title" />
    <item type="id" name="tag_on_apply_window_listener" />
    <item type="id" name="tag_on_receive_content_listener" />
    <item type="id" name="tag_on_receive_content_mime_types" />
    <item type="id" name="tag_screen_reader_focusable" />
    <item type="id" name="tag_state_description" />
    <item type="id" name="tag_transition_group" />
    <item type="id" name="tag_unhandled_key_event_manager" />
    <item type="id" name="tag_unhandled_key_listeners" />
    <item type="id" name="tag_window_insets_animation_callback" />
    <item type="id" name="text" />
    <item type="id" name="text2" />
    <item type="id" name="textSpacerNoButtons" />
    <item type="id" name="textSpacerNoTitle" />
    <item type="id" name="text_input_end_icon" />
    <item type="id" name="text_input_error_icon" />
    <item type="id" name="text_input_start_icon" />
    <item type="id" name="textinput_counter" />
    <item type="id" name="textinput_error" />
    <item type="id" name="textinput_helper_text" />
    <item type="id" name="textinput_placeholder" />
    <item type="id" name="textinput_prefix_text" />
    <item type="id" name="textinput_suffix_text" />
    <item type="id" name="time" />
    <item type="id" name="title" />
    <item type="id" name="titleDividerNoCustom" />
    <item type="id" name="title_template" />
    <item type="id" name="topPanel" />
    <item type="id" name="touch_outside" />
    <item type="id" name="transition_current_scene" />
    <item type="id" name="transition_layout_save" />
    <item type="id" name="transition_position" />
    <item type="id" name="transition_scene_layoutid_cache" />
    <item type="id" name="transition_transform" />
    <item type="id" name="up" />
    <item type="id" name="view_offset_helper" />
    <item type="id" name="view_transition" />
    <item type="id" name="view_tree_lifecycle_owner" />
    <item type="id" name="view_tree_on_back_pressed_dispatcher_owner" />
    <item type="id" name="view_tree_saved_state_registry_owner" />
    <item type="id" name="view_tree_view_model_store_owner" />
    <item type="id" name="visible_removing_fragment_view_tag" />
    <item type="id" name="with_icon" />
</resources>
