<?xml version="1.0" encoding="utf-8"?>
<resources>
    <string name="abc_action_bar_home_description">Navigate home</string>
    <string name="abc_action_bar_up_description">Navigate up</string>
    <string name="abc_action_menu_overflow_description">More options</string>
    <string name="abc_action_mode_done">Done</string>
    <string name="abc_activity_chooser_view_see_all">See all</string>
    <string name="abc_activitychooserview_choose_application">Choose an app</string>
    <string name="abc_capital_off">OFF</string>
    <string name="abc_capital_on">ON</string>
    <string name="abc_menu_alt_shortcut_label">Alt+</string>
    <string name="abc_menu_ctrl_shortcut_label">Ctrl+</string>
    <string name="abc_menu_delete_shortcut_label">delete</string>
    <string name="abc_menu_enter_shortcut_label">enter</string>
    <string name="abc_menu_function_shortcut_label">Function+</string>
    <string name="abc_menu_meta_shortcut_label">Meta+</string>
    <string name="abc_menu_shift_shortcut_label">Shift+</string>
    <string name="abc_menu_space_shortcut_label">space</string>
    <string name="abc_menu_sym_shortcut_label">Sym+</string>
    <string name="abc_prepend_shortcut_label">Menu+</string>
    <string name="abc_search_hint">Search…</string>
    <string name="abc_searchview_description_clear">Clear query</string>
    <string name="abc_searchview_description_query">Search query</string>
    <string name="abc_searchview_description_search">Search</string>
    <string name="abc_searchview_description_submit">Submit query</string>
    <string name="abc_searchview_description_voice">Voice search</string>
    <string name="abc_shareactionprovider_share_with">Share with</string>
    <string name="abc_shareactionprovider_share_with_application">Share with %s</string>
    <string name="abc_toolbar_collapse_description">Collapse</string>
    <string name="androidx_startup">androidx.startup</string>
    <string name="appbar_scrolling_view_behavior">com.google.android.material.appbar.AppBarLayout$ScrollingViewBehavior</string>
    <string name="bottom_sheet_behavior">com.google.android.material.bottomsheet.BottomSheetBehavior</string>
    <string name="bottomsheet_action_collapse">Collapse the bottom sheet</string>
    <string name="bottomsheet_action_expand">Expand the bottom sheet</string>
    <string name="bottomsheet_action_expand_halfway">Expand halfway</string>
    <string name="bottomsheet_drag_handle_clicked">Drag handle double-tapped</string>
    <string name="bottomsheet_drag_handle_content_description">Drag handle</string>
    <string name="character_counter_content_description">Characters entered %1$d of %2$d</string>
    <string name="character_counter_overflowed_content_description">Character limit exceeded %1$d of %2$d</string>
    <string name="character_counter_pattern">%1$d/%2$d</string>
    <string name="clear_text_end_icon_content_description">Clear text</string>
    <string name="error_a11y_label">Error: invalid</string>
    <string name="error_icon_content_description">Error</string>
    <string name="exposed_dropdown_menu_content_description">Show dropdown menu</string>
    <string name="fab_transformation_scrim_behavior">com.google.android.material.transformation.FabTransformationScrimBehavior</string>
    <string name="fab_transformation_sheet_behavior">com.google.android.material.transformation.FabTransformationSheetBehavior</string>
    <string name="hide_bottom_view_on_scroll_behavior">com.google.android.material.behavior.HideBottomViewOnScrollBehavior</string>
    <string name="icon_content_description">Dialog Icon</string>
    <string name="ifl_a0_01">Backup Options</string>
    <string name="ifl_a0_02">Update Settings</string>
    <string name="ifl_a0_03">Language</string>
    <string name="ifl_a0_04">Library</string>
    <string name="ifl_a0_05">About</string>
    <string name="ifl_a0_06">This feature has not been added yet</string>
    <string name="ifl_a0_07">Crash Reports</string>
    <string name="ifl_a0_08">Miscellaneous</string>
    <string name="ifl_a0_09">Amoled Theme</string>
    <string name="ifl_a0_10">Enable amoled theme for Instafel activities, dialogs and other parts.</string>
    <string name="ifl_a0_11">Remove Ads</string>
    <string name="ifl_a0_12">Removes ads displayed in the feed, reels, or other places.</string>
    <string name="ifl_a0_13">Restart app for apply changes.</string>
    <string name="ifl_a0_14">Enabled by default, cannot be changed.</string>
    <string name="ifl_a0_15">Instafel Updater</string>
    <string name="ifl_a0_16">Use Instafel Updater for automatic updates with Root and Shizuku</string>
    <string name="ifl_a10_01">Contributors</string>
    <string name="ifl_a10_02">Translators</string>
    <string name="ifl_a11_01">Flag Library</string>
    <string name="ifl_a11_02">Backup Library</string>
    <string name="ifl_a11_03">Error while getting backups from API</string>
    <string name="ifl_a11_04">Created by %1$s</string>
    <string name="ifl_a11_05">Backup Info</string>
    <string name="ifl_a11_06">Name</string>
    <string name="ifl_a11_07">Description</string>
    <string name="ifl_a11_08">Last Updated</string>
    <string name="ifl_a11_09">Changelog</string>
    <string name="ifl_a11_10">Apply Backup</string>
    <string name="ifl_a11_11">More</string>
    <string name="ifl_a11_12">Enable Auto Update</string>
    <string name="ifl_a11_13">If new update released for your backup, backup will updated automatically</string>
    <string name="ifl_a11_14">This backup will be applied for now and will be updated if auto update enabled</string>
    <string name="ifl_a11_15">Backups</string>
    <string name="ifl_a11_16">About Author</string>
    <string name="ifl_a11_17">Error while fetching backup information</string>
    <string name="ifl_a11_18">Updated to v%1$s on %2$s</string>
    <string name="ifl_a11_19">About Author</string>
    <string name="ifl_a11_20">Author Name</string>
    <string name="ifl_a11_21">Error while fetching author about info</string>
    <string name="ifl_a11_22">Error while downloading backup file</string>
    <string name="ifl_a11_23">To enable this setting, you need to apply at least one backup from library</string>
    <string name="ifl_a11_24">%1$s backup will now be updated automatically</string>
    <string name="ifl_a11_25">Auto update disabled</string>
    <string name="ifl_a11_26">Error while updating backup</string>
    <string name="ifl_a11_27">Backup Changelog</string>
    <string name="ifl_a11_28">Restart App</string>
    <string name="ifl_a11_29">Restart Later</string>
    <string name="ifl_a11_30">Error while parsing backup file</string>
    <string name="ifl_a11_31">Error while parsing mapping file</string>
    <string name="ifl_a11_32">"Error while reading Instagram's mapping file"</string>
    <string name="ifl_a11_33">Error while parsing override file</string>
    <string name="ifl_a11_34">Mapping file not found</string>
    <string name="ifl_a11_35">Error while comparing backup with mapping</string>
    <string name="ifl_a11_36">Error while copying flag content</string>
    <string name="ifl_a11_37">Error while starting analyze</string>
    <string name="ifl_a11_38">Please select a file</string>
    <string name="ifl_a11_39">Error while reading backup file</string>
    <string name="ifl_a11_40">Error while reading mapping file</string>
    <string name="ifl_a11_41">%1$s flag imported from backup file</string>
    <string name="ifl_a11_42">Error while importing overrides from backup file</string>
    <string name="ifl_a11_43">%1$s flag succesfully imported</string>
    <string name="ifl_a11_44">%1$s succesfully imported</string>
    <string name="ifl_a11_45">Version</string>
    <string name="ifl_a11_46">%1$s succesfully imported with %2$s flag</string>
    <string name="ifl_a11_47">Please select an valid backup file</string>
    <string name="ifl_a11_48">Import Old Backups</string>
    <string name="ifl_a11_49">Please fill the required fields.</string>
    <string name="ifl_a11_50">Please enter valid version name</string>
    <string name="ifl_a11_51">Export Backup</string>
    <string name="ifl_a11_52">Backup Name</string>
    <string name="ifl_a11_53">"Like Mami's Perfect Backup"</string>
    <string name="ifl_a11_54">Author Name</string>
    <string name="ifl_a11_55">Like Albert Einstein</string>
    <string name="ifl_a11_56">Backup Version</string>
    <string name="ifl_a11_57">Like 1.0, 1.0-hotfix etc.</string>
    <string name="ifl_a11_58">Changelog</string>
    <string name="ifl_a11_59">You can write here the backup changelog</string>
    <string name="ifl_a11_60">Export Backup</string>
    <string name="ifl_a11_61">Import Old JSON Backups</string>
    <string name="ifl_a11_62">Backup Comparator</string>
    <string name="ifl_a11_63">Used to import a backup file completely with all flags in file</string>
    <string name="ifl_a11_64">Adds flags to the backup file you use that are not in the backup you selected.</string>
    <string name="ifl_a11_65">You can import old .json type backups with this option</string>
    <string name="ifl_a11_66">Select Backup 1</string>
    <string name="ifl_a11_67">Select Backup 2</string>
    <string name="ifl_a11_68">Press to select backup</string>
    <string name="ifl_a11_69">Compare Backups</string>
    <string name="ifl_a11_70">Error while starting compression</string>
    <string name="ifl_a11_71">Selected</string>
    <string name="ifl_a11_72">Please select two backup file to compare</string>
    <string name="ifl_a11_73">Comparison Result</string>
    <string name="ifl_a11_74">Differences B1 to B2</string>
    <string name="ifl_a11_75">Differences B2 to B1</string>
    <string name="ifl_a11_76">Removed Flag IDs</string>
    <string name="ifl_a11_77">Error while comparing backups</string>
    <string name="ifl_a12_05">Username or password is cannot be empty</string>
    <string name="ifl_a12_06">Please wait server response..</string>
    <string name="ifl_a1_01">About Instafel</string>
    <string name="ifl_a1_02">Instafel Version</string>
    <string name="ifl_a1_03">Installation Type</string>
    <string name="ifl_a1_04">Project</string>
    <string name="ifl_a1_05">Developer</string>
    <string name="ifl_a1_06">Everyone that contributed to this project</string>
    <string name="ifl_a1_07">Clone</string>
    <string name="ifl_a1_08">Unclone</string>
    <string name="ifl_a1_09">Generation ID</string>
    <string name="ifl_a1_10">Instagram Version</string>
    <string name="ifl_a1_11">Contributors to the translation of Instafel</string>
    <string name="ifl_a2_01">About Instagram</string>
    <string name="ifl_a2_02">Version</string>
    <string name="ifl_a2_03">Version Code</string>
    <string name="ifl_a2_04">Channel</string>
    <string name="ifl_a2_05">Architecture</string>
    <string name="ifl_a3_01">About</string>
    <string name="ifl_a4_01">Export</string>
    <string name="ifl_a4_02">Import</string>
    <string name="ifl_a4_03">Delete Overrides File</string>
    <string name="ifl_a4_04">Please to save choose a file path.</string>
    <string name="ifl_a4_05">Backup file successfully saved.</string>
    <string name="ifl_a4_06">Overrides file not found.</string>
    <string name="ifl_a4_07">An error was encountered while saving the backup file.</string>
    <string name="ifl_a4_08">Share Backup File</string>
    <string name="ifl_a4_09">Please select a file for import.</string>
    <string name="ifl_a4_10">Backup file successfully imported.</string>
    <string name="ifl_a4_11">Overrides file not found.</string>
    <string name="ifl_a4_12">An error was encountered while importing the backup file.</string>
    <string name="ifl_a4_13">Overrides file successfully deleted.</string>
    <string name="ifl_a4_14">Overrides file not found.</string>
    <string name="ifl_a4_15">An error was encountered while importing the backup file.</string>
    <string name="ifl_a4_16">MobileConfig Editor</string>
    <string name="ifl_a4_17">Flag Analyzer</string>
    <string name="ifl_a4_18">Import Full</string>
    <string name="ifl_a4_19">Import with Merge</string>
    <string name="ifl_a4_20">Analyze Result</string>
    <string name="ifl_a4_21">Use Custom Mapping File</string>
    <string name="ifl_a4_22">"Allows you to analyze with a custom mapping file instead of Instagram's default mapping file"</string>
    <string name="ifl_a4_23">Matched Flags</string>
    <string name="ifl_a4_24">Mismatched Flags</string>
    <string name="ifl_a4_25">Search</string>
    <string name="ifl_a4_26">Import Overrides from Backup</string>
    <string name="ifl_a4_27">Use a backup file instead of analyzing existing override file</string>
    <string name="ifl_a4_28">Start Analysis</string>
    <string name="ifl_a4_29">Start Analysis with Custom Backup</string>
    <string name="ifl_a4_30">Start Analysis with Custom Mapping</string>
    <string name="ifl_a4_31">Start Analysis with Custom Backup and Mapping</string>
    <string name="ifl_a4_32">Copy Raw Mapping</string>
    <string name="ifl_a4_33">Copy Parsed Mapping</string>
    <string name="ifl_a4_34">Override file missing or corrupt</string>
    <string name="ifl_a4_35">Are you sure?</string>
    <string name="ifl_a4_36">There is no way to recover deleted override file</string>
    <string name="ifl_a4_37">Okay</string>
    <string name="ifl_a4_38">Cancel</string>
    <string name="ifl_a4_39">Error while reading override file.</string>
    <string name="ifl_a4_40">%1$s flags successfully exported</string>
    <string name="ifl_a4_41">Error while writing content into backup file.</string>
    <string name="ifl_a4_42">Error while exporting backup file</string>
    <string name="ifl_a5_01">Check for Updates</string>
    <string name="ifl_a5_02">Last check: %1$s</string>
    <string name="ifl_a5_03">Check Frequency</string>
    <string name="ifl_a5_05">Never</string>
    <string name="ifl_a5_06">Enable Updates</string>
    <string name="ifl_a5_07">Enable Update Settings</string>
    <string name="ifl_a5_08">Background Download</string>
    <string name="ifl_a5_09">A notification is sent after updates downloaded in the background</string>
    <string name="ifl_a5_10">Permission Denied</string>
    <string name="ifl_a5_11">"Instafel's notification permission was denied. If this problem persists, do not forget to turn on notifications from the application settings."</string>
    <string name="ifl_a5_dia_freq_00">Every Opening (default)</string>
    <string name="ifl_a5_dia_freq_01">Never</string>
    <string name="ifl_a5_dia_freq_02">Every day</string>
    <string name="ifl_a5_dia_freq_03">Once in three days</string>
    <string name="ifl_a5_dia_freq_04">Once in five days</string>
    <string name="ifl_a5_dia_freq_05">Once a week</string>
    <string name="ifl_a5_sub_freq_00">Set to every opening.</string>
    <string name="ifl_a5_sub_freq_01">Set to never</string>
    <string name="ifl_a5_sub_freq_02">Set to every day</string>
    <string name="ifl_a5_sub_freq_03">Set to once in three days</string>
    <string name="ifl_a5_sub_freq_04">Set to once in five days</string>
    <string name="ifl_a5_sub_freq_05">Set to once a week</string>
    <string name="ifl_a6_01">Use Device Language</string>
    <string name="ifl_a7_01">Reports</string>
    <string name="ifl_a7_02">Delete Reports</string>
    <string name="ifl_a8_01">Details</string>
    <string name="ifl_a8_02">Copy Log</string>
    <string name="ifl_a8_03">Share Log</string>
    <string name="ifl_a8_04">Device Info</string>
    <string name="ifl_a8_05">Android Version</string>
    <string name="ifl_a8_06">IG and IFL Version</string>
    <string name="ifl_a8_07">Crash Date</string>
    <string name="ifl_a8_08">Crash Info</string>
    <string name="ifl_a8_09">Reason</string>
    <string name="ifl_a8_10">Stack Trace</string>
    <string name="ifl_a9_01">Details</string>
    <string name="ifl_c1_01">A web browser was not found on your device</string>
    <string name="ifl_crash_toast">Instafel crashed, visit Crash Reports for more details.</string>
    <string name="ifl_d1_01">New Update</string>
    <string name="ifl_d1_02">Instafel will be upgraded to version v%1$d (Instagram v%2$s)</string>
    <string name="ifl_d1_03">Cancel</string>
    <string name="ifl_d1_04">Install</string>
    <string name="ifl_d1_05">Hide</string>
    <string name="ifl_d1_06">Connecting to update server</string>
    <string name="ifl_d2_01">Up-to-date</string>
    <string name="ifl_d2_02">Instafel is up-to-date.</string>
    <string name="ifl_d2_03">Okay</string>
    <string name="ifl_d3_01">Set Frequency</string>
    <string name="ifl_d3_02">Okay</string>
    <string name="ifl_d4_01">Welcome</string>
    <string name="ifl_d4_02">Welcome to Instafel, this mod has been developed to provide everyone with the latest features on Instagram alpha builds\\n\\nThe menu can be accessed by pressing and holding the hamburger button on the profile tab.</string>
    <string name="ifl_genid">_iflgenid</string>
    <string name="ifl_ig_arch">_igarch</string>
    <string name="ifl_ig_channel">ALPHA</string>
    <string name="ifl_ig_vercode">_igvercode</string>
    <string name="ifl_ig_version">_igversion</string>
    <string name="ifl_installation_type">_type</string>
    <string name="ifl_t1_01">An error occurred while opening the apk-installer.</string>
    <string name="ifl_t1_03">Instafel update failed.</string>
    <string name="ifl_version">_version</string>
    <string name="item_view_role_description">Tab</string>
    <string name="m3_exceed_max_badge_text_suffix">%1$s%2$s</string>
    <string name="m3_ref_typeface_brand_medium">sans-serif-medium</string>
    <string name="m3_ref_typeface_brand_regular">sans-serif</string>
    <string name="m3_ref_typeface_plain_medium">sans-serif-medium</string>
    <string name="m3_ref_typeface_plain_regular">sans-serif</string>
    <string name="m3_sys_motion_easing_emphasized">path(M 0,0 C 0.05, 0, 0.133333, 0.06, 0.166666, 0.4 C 0.208333, 0.82, 0.25, 1, 1, 1)</string>
    <string name="m3_sys_motion_easing_emphasized_accelerate">cubic-bezier(0.3, 0, 0.8, 0.2)</string>
    <string name="m3_sys_motion_easing_emphasized_decelerate">cubic-bezier(0.1, 0.7, 0.1, 1)</string>
    <string name="m3_sys_motion_easing_emphasized_path_data">M 0,0 C 0.05, 0, 0.133333, 0.06, 0.166666, 0.4 C 0.208333, 0.82, 0.25, 1, 1, 1</string>
    <string name="m3_sys_motion_easing_legacy">cubic-bezier(0.4, 0, 0.2, 1)</string>
    <string name="m3_sys_motion_easing_legacy_accelerate">cubic-bezier(0.4, 0, 1, 1)</string>
    <string name="m3_sys_motion_easing_legacy_decelerate">cubic-bezier(0, 0, 0.2, 1)</string>
    <string name="m3_sys_motion_easing_linear">cubic-bezier(0, 0, 1, 1)</string>
    <string name="m3_sys_motion_easing_standard">cubic-bezier(0.2, 0, 0, 1)</string>
    <string name="m3_sys_motion_easing_standard_accelerate">cubic-bezier(0.3, 0, 1, 1)</string>
    <string name="m3_sys_motion_easing_standard_decelerate">cubic-bezier(0, 0, 0, 1)</string>
    <string name="material_clock_display_divider">:</string>
    <string name="material_clock_toggle_content_description">Select AM or PM</string>
    <string name="material_hour_24h_suffix">%1$s hours</string>
    <string name="material_hour_selection">Select hour</string>
    <string name="material_hour_suffix">"%1$s o'clock"</string>
    <string name="material_minute_selection">Select minutes</string>
    <string name="material_minute_suffix">%1$s minutes</string>
    <string name="material_motion_easing_accelerated">cubic-bezier(0.4, 0.0, 1.0, 1.0)</string>
    <string name="material_motion_easing_decelerated">cubic-bezier(0.0, 0.0, 0.2, 1.0)</string>
    <string name="material_motion_easing_emphasized">path(M 0,0 C 0.05, 0, 0.133333, 0.06, 0.166666, 0.4 C 0.208333, 0.82, 0.25, 1, 1, 1)</string>
    <string name="material_motion_easing_linear">cubic-bezier(0.0, 0.0, 1.0, 1.0)</string>
    <string name="material_motion_easing_standard">cubic-bezier(0.4, 0.0, 0.2, 1.0)</string>
    <string name="material_slider_range_end">Range end</string>
    <string name="material_slider_range_start">Range start</string>
    <string name="material_slider_value">Value</string>
    <string name="material_timepicker_am">AM</string>
    <string name="material_timepicker_clock_mode_description">Switch to clock mode for the time input.</string>
    <string name="material_timepicker_hour">Hour</string>
    <string name="material_timepicker_minute">Minute</string>
    <string name="material_timepicker_pm">PM</string>
    <string name="material_timepicker_select_time">Select time</string>
    <string name="material_timepicker_text_input_mode_description">Switch to text input mode for the time input.</string>
    <string name="mtrl_badge_numberless_content_description">New notification</string>
    <string name="mtrl_checkbox_button_icon_path_checked">M14,18.2 11.4,15.6 10,17 14,21 22,13 20.6,11.6z</string>
    <string name="mtrl_checkbox_button_icon_path_group_name">icon</string>
    <string name="mtrl_checkbox_button_icon_path_indeterminate">M13.4,15 11,15 11,17 13.4,17 21,17 21,15z</string>
    <string name="mtrl_checkbox_button_icon_path_name">icon path</string>
    <string name="mtrl_checkbox_button_path_checked">M23,7H9C7.9,7,7,7.9,7,9v14c0,1.1,0.9,2,2,2h14c1.1,0,2-0.9,2-2V9C25,7.9,24.1,7,23,7z</string>
    <string name="mtrl_checkbox_button_path_group_name">button</string>
    <string name="mtrl_checkbox_button_path_name">button path</string>
    <string name="mtrl_checkbox_button_path_unchecked">M23,7H9C7.9,7,7,7.9,7,9v14c0,1.1,0.9,2,2,2h14c1.1,0,2-0.9,2-2V9C25,7.9,24.1,7,23,7z M23,23H9V9h14V23z</string>
    <string name="mtrl_checkbox_state_description_checked">Checked</string>
    <string name="mtrl_checkbox_state_description_indeterminate">Partially checked</string>
    <string name="mtrl_checkbox_state_description_unchecked">Not checked</string>
    <string name="mtrl_chip_close_icon_content_description">Remove %1$s</string>
    <string name="mtrl_exceed_max_badge_number_content_description">More than %1$d new notifications</string>
    <string name="mtrl_exceed_max_badge_number_suffix">%1$d%2$s</string>
    <string name="mtrl_picker_a11y_next_month">Change to next month</string>
    <string name="mtrl_picker_a11y_prev_month">Change to previous month</string>
    <string name="mtrl_picker_announce_current_range_selection">Start date selection: %1$s – End date selection: %2$s</string>
    <string name="mtrl_picker_announce_current_selection">Current selection: %1$s</string>
    <string name="mtrl_picker_announce_current_selection_none">none</string>
    <string name="mtrl_picker_cancel">Cancel</string>
    <string name="mtrl_picker_confirm">OK</string>
    <string name="mtrl_picker_date_header_selected">%1$s</string>
    <string name="mtrl_picker_date_header_title">Select Date</string>
    <string name="mtrl_picker_date_header_unselected">Selected date</string>
    <string name="mtrl_picker_day_of_week_column_header">%1$s</string>
    <string name="mtrl_picker_end_date_description">End date %1$s</string>
    <string name="mtrl_picker_invalid_format">Invalid format.</string>
    <string name="mtrl_picker_invalid_format_example">Example: %1$s</string>
    <string name="mtrl_picker_invalid_format_use">Use: %1$s</string>
    <string name="mtrl_picker_invalid_range">Invalid range.</string>
    <string name="mtrl_picker_navigate_to_current_year_description">Navigate to current year %1$d</string>
    <string name="mtrl_picker_navigate_to_year_description">Navigate to year %1$d</string>
    <string name="mtrl_picker_out_of_range">Out of range: %1$s</string>
    <string name="mtrl_picker_range_header_only_end_selected">Start date – %1$s</string>
    <string name="mtrl_picker_range_header_only_start_selected">%1$s – End date</string>
    <string name="mtrl_picker_range_header_selected">%1$s – %2$s</string>
    <string name="mtrl_picker_range_header_title">Select Range</string>
    <string name="mtrl_picker_range_header_unselected">Start date – End date</string>
    <string name="mtrl_picker_save">Save</string>
    <string name="mtrl_picker_start_date_description">Start date %1$s</string>
    <string name="mtrl_picker_text_input_date_hint">Date</string>
    <string name="mtrl_picker_text_input_date_range_end_hint">End date</string>
    <string name="mtrl_picker_text_input_date_range_start_hint">Start date</string>
    <string name="mtrl_picker_text_input_day_abbr">d</string>
    <string name="mtrl_picker_text_input_month_abbr">m</string>
    <string name="mtrl_picker_text_input_year_abbr">y</string>
    <string name="mtrl_picker_today_description">Today %1$s</string>
    <string name="mtrl_picker_toggle_to_calendar_input_mode">Switch to calendar input mode</string>
    <string name="mtrl_picker_toggle_to_day_selection">Tap to switch to Calendar view</string>
    <string name="mtrl_picker_toggle_to_text_input_mode">Switch to text input mode</string>
    <string name="mtrl_picker_toggle_to_year_selection">Tap to switch to year view</string>
    <string name="mtrl_switch_thumb_group_name">circle_group</string>
    <string name="mtrl_switch_thumb_path_checked">M4,16 A12,12 0 0,1 16,4 H16 A12,12 0 0,1 16,28 H16 A12,12 0 0,1 4,16</string>
    <string name="mtrl_switch_thumb_path_morphing">M0,16 A11,11 0 0,1 11,5 H21 A11,11 0 0,1 21,27 H11 A11,11 0 0,1 0,16</string>
    <string name="mtrl_switch_thumb_path_name">circle</string>
    <string name="mtrl_switch_thumb_path_pressed">M2,16 A14,14 0 0,1 16,2 H16 A14,14 0 0,1 16,30 H16 A14,14 0 0,1 2,16</string>
    <string name="mtrl_switch_thumb_path_unchecked">M8,16 A8,8 0 0,1 16,8 H16 A8,8 0 0,1 16,24 H16 A8,8 0 0,1 8,16</string>
    <string name="mtrl_switch_track_decoration_path">M1,16 A15,15 0 0,1 16,1 H36 A15,15 0 0,1 36,31 H16 A15,15 0 0,1 1,16</string>
    <string name="mtrl_switch_track_path">M0,16 A16,16 0 0,1 16,0 H36 A16,16 0 0,1 36,32 H16 A16,16 0 0,1 0,16</string>
    <string name="mtrl_timepicker_cancel">Cancel</string>
    <string name="mtrl_timepicker_confirm">OK</string>
    <string name="password_toggle_content_description">Show password</string>
    <string name="path_password_eye">M12,4.5C7,4.5 2.73,7.61 1,12c1.73,4.39 6,7.5 11,7.5s9.27,-3.11 11,-7.5c-1.73,-4.39 -6,-7.5 -11,-7.5zM12,17c-2.76,0 -5,-2.24 -5,-5s2.24,-5 5,-5 5,2.24 5,5 -2.24,5 -5,5zM12,9c-1.66,0 -3,1.34 -3,3s1.34,3 3,3 3,-1.34 3,-3 -1.34,-3 -3,-3z</string>
    <string name="path_password_eye_mask_strike_through">M2,4.27 L19.73,22 L22.27,19.46 L4.54,1.73 L4.54,1 L23,1 L23,23 L1,23 L1,4.27 Z</string>
    <string name="path_password_eye_mask_visible">M2,4.27 L2,4.27 L4.54,1.73 L4.54,1.73 L4.54,1 L23,1 L23,23 L1,23 L1,4.27 Z</string>
    <string name="path_password_strike_through">M3.27,4.27 L19.74,20.74</string>
    <string name="search_menu_title">Search</string>
    <string name="searchbar_scrolling_view_behavior">com.google.android.material.search.SearchBar$ScrollingViewBehavior</string>
    <string name="searchview_clear_text_content_description">Clear text</string>
    <string name="searchview_navigation_content_description">Back</string>
    <string name="side_sheet_accessibility_pane_title">Side Sheet</string>
    <string name="side_sheet_behavior">com.google.android.material.sidesheet.SideSheetBehavior</string>
    <string name="status_bar_notification_info_overflow">999+</string>
</resources>
